task_id,predicted_label
1,0
4,1
7,1
9,1
14,1
17,0
22,1
24,0
27,0
28,0
29,1
30,0
33,0
34,1
36,1
38,1
40,1
41,0
42,0
44,1
47,1
49,0
50,0
52,1
54,1
56,1
57,1
58,1
59,1
64,1
67,0
70,0
72,1
73,0
74,1
75,1
76,1
83,0
86,1
89,1
90,1
98,1
99,1
102,1
107,0
116,0
120,1
128,1
130,0
131,0
132,0
142,0
150,0
159,0
165,0
167,1
170,1
172,0
173,1
174,0
176,1
177,1
182,0
184,1
192,1
193,0
194,0
197,0
198,0
199,1
201,1
202,1
206,0
210,1
211,0
212,1
215,0
216,0
217,0
219,0
221,0
222,1
223,0
225,1
226,1
227,1
228,1
232,1
233,1
234,0
235,1
236,0
238,1
240,0
241,1
243,1
246,1
247,0
252,0
254,0
256,1
257,0
258,1
259,0
260,0
261,1
262,1
263,0
264,1
265,1
266,1
267,0
268,1
269,0
274,1
275,1
276,1
278,1
279,1
283,0
284,1
287,0
290,0
291,1
292,0
293,1
294,1
295,1
296,0
300,0
301,1
302,1
303,1
304,1
305,0
306,0
307,1
308,1
312,1
313,1
314,1
315,1
316,1
318,1
319,0
320,1
321,1
322,0
325,1
326,0
330,0
331,1
332,1
333,1
335,0
336,1
337,0
338,0
339,1
343,0
344,0
346,1
347,0
348,1
352,0
353,0
355,0
356,1
358,1
362,1
364,1
366,0
367,1
368,1
369,1
370,1
371,1
372,1
373,0
374,1
375,1
377,1
378,0
379,1
380,1
382,1
384,0
385,1
389,0
390,0
391,1
392,0
393,0
394,1
395,1
398,0
399,0
401,1
404,1
405,0
407,0
408,0
409,1
411,0
412,0
414,1
417,0
418,1
419,1
420,1
421,1
422,1
423,1
425,0
426,1
427,1
428,0
433,0
434,1
437,0
438,1
439,1
440,0
441,0
446,0
448,0
449,0
450,1
452,1
453,0
455,0
457,1
458,0
459,0
461,1
463,0
464,1
466,1
467,1
468,1
470,1
471,1
472,1
475,1
478,1
481,0
482,0
483,0
485,1
486,1
488,1
490,1
491,1
492,1
493,1
495,1
497,1
498,0
500,0
502,1
503,1
504,1
505,1
506,1
508,0
509,1
510,1
511,0
512,1
518,1
519,0
520,0
522,0
523,0
524,1
525,1
526,1
528,1
529,0
533,0
534,1
535,1
536,1
537,1
538,0
539,1
540,1
541,1
542,1
544,1
547,1
548,1
549,1
550,1
551,1
552,1
555,1
557,1
558,1
560,1
562,1
563,1
566,1
567,1
568,1
569,1
570,1
572,1
573,1
575,0
576,1
577,1
579,1
583,1
584,0
586,0
587,0
588,1
589,1
592,1
598,1
601,1
602,0
604,1
605,0
607,1
608,0
609,1
611,1
612,1
613,1
616,1
617,1
619,1
620,1
623,1
624,1
625,1
627,1
630,0
632,0
634,0
636,1
638,0
643,1
644,1
645,1
647,1
648,1
650,0
651,1
653,0
655,1
657,1
659,1
661,1
663,1
664,1
666,1
667,0
669,1
670,1
672,0
673,1
674,1
675,1
676,1
677,1
678,1
679,0
680,1
681,0
685,0
688,1
689,0
690,1
691,1
692,0
696,0
697,1
699,1
702,1
703,1
704,1
706,1
708,0
712,1
713,1
714,1
717,1
718,1
720,0
722,1
725,1
727,1
728,0
729,1
730,1
731,1
732,1
733,1
735,1
737,1
738,1
739,1
740,1
741,0
742,1
743,1
744,0
746,1
747,1
748,1
749,1
750,1
755,1
756,1
758,1
761,1
762,1
770,1
771,1
772,0
773,0
774,1
776,1
777,1
778,1
779,1
780,1
783,1
784,1
785,1
786,1
787,1
788,0
789,1
791,0
792,1
793,1
795,1
796,1
798,0
799,1
803,1
804,1
805,0
807,1
811,1
812,0
815,1
816,0
818,1
820,1
822,1
823,1
824,1
826,1
827,1
829,1
830,1
831,1
833,1
836,1
837,0
838,1
839,1
840,1
841,1
842,1
844,1
845,0
848,1
849,0
850,1
852,0
853,1
854,1
855,0
857,1
858,1
859,1
860,0
861,0
863,1
864,1
867,1
868,1
869,1
870,1
871,0
873,1
875,1
881,1
883,0
884,1
885,1
886,1
887,1
888,0
889,0
891,0
892,1
893,0
894,1
895,1
896,0
897,1
899,1
900,1
902,0
903,0
905,0
907,0
910,1
911,0
912,1
914,1
915,0
916,1
917,1
918,1
919,1
920,1
921,0
922,0
923,1
924,1
925,1
927,0
929,0
930,0
931,1
932,1
933,1
934,1
935,1
936,0
937,0
941,1
942,1
943,0
946,1
951,0
952,0
953,1
954,1
956,0
960,1
961,1
965,1
966,0
968,1
969,1
973,0
976,0
977,1
982,1
983,0
986,0
987,0
989,0
990,1
994,1
995,0
1001,1
1003,1
1005,1
1007,1
1008,1
1011,0
1013,1
1015,0
1016,0
1017,0
1018,1
1032,0
1033,1
1035,1
1038,1
1040,1
1043,1
1045,1
1046,1
1050,1
1051,0
1052,1
1053,1
1056,1
1057,1
1058,0
1059,1
1060,1
1061,0
1062,1
1063,0
1064,0
1065,1
1070,1
1071,1
1072,1
1074,1
1075,0
1076,1
1077,1
1081,1
1084,1
1086,1
1088,1
1089,1
1091,1
1096,1
1097,1
1098,1
1099,1
1100,1
1101,1
1103,1
1104,1
1105,1
1106,1
1107,0
1108,0
1110,1
1111,1
1114,1
1115,1
1117,1
1118,0
1119,0
1124,1
1127,0
1129,1
1130,1
1132,1
1136,1
1137,1
1138,1
1139,1
1143,1
1144,0
1146,0
1149,0
1150,1
1151,1
1153,1
1154,1
1155,1
1157,1
1159,1
1160,0
1162,1
1163,1
1164,1
1165,1
1166,0
1167,1
1169,1
1171,1
1172,1
1174,0
1176,1
1179,0
1182,1
1184,1
1185,0
1186,0
1188,1
1193,1
1195,1
1197,0
1198,1
1202,1
1203,0
1206,1
1208,1
1210,1
1211,0
1212,0
1216,0
1219,0
1220,1
1221,1
1224,1
1225,0
1226,0
1227,0
1230,1
1231,1
1232,1
1233,0
1236,1
1238,1
1239,1
1240,1
1242,0
1245,0
1246,1
1248,0
1249,0
1252,0
1255,1
1257,1
1258,1
1259,0
1261,0
1262,1
1263,1
1264,0
1265,0
1267,0
1268,0
1272,1
1277,0
1280,0
1281,1
1285,0
1288,0
1295,0
1297,0
1301,1
1302,0
1303,1
1305,0
1306,0
1307,1
1308,0
1309,1
1310,1
1311,1
1313,1
1315,1
1316,1
1320,1
1321,1
1324,1
1325,1
1326,1
1328,1
1329,1
1330,1
1336,0
1337,1
1338,0
1340,1
1341,1
1342,1
1343,1
1345,1
1347,1
1348,1
1349,1
1350,1
1352,1
1353,1
1354,1
1355,1
1356,1
1359,1
1360,1
1361,1
1362,0
1364,1
1366,0
1369,1
1371,1
1372,1
1374,1
1376,1
1377,1
1378,1
1379,1
1380,1
1386,1
1392,1
1394,1
1395,1
1397,1
1400,1
1401,1
1402,1
1403,1
1405,1
1408,1
1412,0
1414,1
1415,1
1417,0
1420,1
1421,0
1422,1
1424,1
1425,1
1426,1
1427,0
1428,1
1429,1
1430,1
1431,1
1432,1
1434,1
1435,0
1436,0
1437,0
1438,1
1441,0
1443,1
1444,1
1446,1
1447,1
1448,1
1453,0
1454,1
1458,0
1459,1
1461,1
1462,1
1463,1
1465,0
1467,1
1468,1
1470,1
1471,1
1473,0
1475,0
1476,1
1477,1
1478,0
1479,1
1480,1
1484,1
1485,1
1486,1
1487,1
1488,1
1489,1
1490,0
1492,1
1494,0
1495,1
1497,1
1500,0
1502,1
1506,1
1507,1
1508,1
1509,1
1510,1
1514,0
1515,1
1516,1
1518,1
1519,1
1521,1
1522,1
1523,1
1526,1
1527,1
1528,1
1530,0
1532,0
1533,0
0,0
2,0
3,0
5,0
6,0
13,0
15,0
16,1
18,0
19,0
20,0
21,0
23,0
25,0
26,1
31,0
32,0
35,1
37,0
39,1
43,0
45,0
46,0
48,1
51,1
53,1
60,0
61,0
62,0
63,0
65,0
68,0
69,0
71,0
77,0
79,0
80,0
81,0
82,1
84,0
85,0
87,0
88,0
91,1
93,0
94,0
95,1
96,0
100,0
8,0
10,0
11,0
12,0
101,0
103,0
104,0
106,0
108,1
109,0
110,1
114,1
115,0
117,0
118,0
121,0
122,0
124,0
125,0
126,0
127,0
129,1
133,0
134,0
136,0
138,0
139,0
141,0
143,0
144,0
145,0
147,0
149,1
151,0
152,1
155,0
156,0
157,0
158,0
160,1
161,0
162,0
163,1
164,0
166,0
168,0
169,1
171,1
178,0
179,0
180,0
181,0
185,0
186,0
188,0
189,1
191,0
195,0
196,0
200,0
203,0
204,0
205,0
207,0
208,1
209,0
213,0
214,1
218,0
220,0
224,0
229,0
230,1
231,1
237,0
239,0
242,1
244,0
245,1
248,0
249,1
250,1
251,0
253,1
255,1
270,0
271,1
272,1
273,1
277,1
280,1
281,0
282,1
285,1
286,0
288,0
289,1
297,1
298,0
299,1
309,1
310,1
311,0
317,1
323,1
324,1
327,1
328,0
329,1
334,1
340,0
341,0
342,0
345,1
349,0
350,1
351,0
354,0
357,1
359,0
360,1
361,1
363,0
365,1
376,1
381,0
383,1
386,0
387,0
388,0
396,1
397,0
400,0
402,1
403,0
406,1
410,1
413,1
415,1
416,0
424,0
429,1
430,0
431,0
432,0
435,0
436,0
442,1
443,1
444,0
445,0
447,0
451,1
454,1
456,0
460,1
462,0
465,0
469,1
473,0
474,1
476,1
477,1
479,1
480,1
484,0
487,1
489,1
494,0
496,1
499,0
501,1
507,1
513,1
514,0
515,0
516,1
517,1
521,0
527,0
530,0
531,0
532,1
543,1
545,1
546,1
553,1
554,1
556,1
559,1
561,1
564,1
565,0
571,1
574,1
578,1
580,0
581,1
582,1
585,1
590,0
591,1
593,1
594,1
595,1
596,0
597,1
599,0
600,0
603,0
606,0
610,0
614,1
615,1
618,0
621,0
622,0
626,1
628,0
629,1
631,1
633,1
635,0
637,1
639,0
640,1
641,1
642,0
646,0
649,0
652,0
654,1
656,1
658,1
660,1
662,1
665,0
668,1
671,1
682,0
683,1
684,1
686,1
687,1
693,0
694,0
695,1
698,1
700,0
701,1
705,1
707,1
709,1
710,1
711,1
715,1
716,0
719,1
721,1
723,1
724,1
726,0
734,1
736,1
745,0
751,0
752,1
794,1
797,1
800,1
801,1
802,1
806,1
808,0
809,1
810,1
813,1
814,1
817,1
819,1
821,1
825,1
828,1
832,1
834,1
835,1
843,1
846,1
847,0
851,1
856,0
862,0
865,0
866,0
872,1
874,1
876,1
877,0
878,0
879,0
880,1
882,1
890,1
898,0
901,1
904,1
906,1
908,0
909,1
913,1
926,1
928,1
938,1
939,1
940,1
944,1
945,1
947,1
948,0
949,1
950,0
55,0
66,0
78,0
92,0
97,0
105,0
111,0
112,0
113,0
119,0
123,0
135,0
137,0
140,0
146,0
148,0
153,0
154,0
175,0
183,0
187,0
190,0
753,1
754,1
757,1
759,1
760,1
763,0
764,1
765,1
766,1
767,1
768,1
769,1
775,1
781,1
782,1
790,1
955,0
957,0
958,0
959,0
962,1
963,1
964,1
967,0
970,0
971,1
972,1
974,0
975,0
978,0
979,0
980,1
981,1
984,0
985,0
988,0
991,1
992,1
993,1
996,1
997,1
998,0
999,1
1000,1
1002,0
1004,0
1006,1
1009,1
1010,0
1012,0
1014,0
1019,1
1020,1
1021,1
1022,1
1023,0
1024,0
1025,1
1026,1
1027,1
1028,0
1029,0
1030,1
1031,0
1034,1
1036,1
1037,0
1039,1
1041,0
1042,1
1044,1
1047,1
1048,1
1049,1
1054,1
1055,1
1066,1
1067,1
1068,0
1069,1
1073,1
1078,1
1079,1
1080,1
1082,1
1083,1
1085,0
1087,1
1090,1
1092,0
1093,0
1094,0
1095,1
1102,1
1109,1
1112,1
1113,1
1116,1
1120,1
1121,0
1122,0
1123,0
1125,1
1126,1
1128,1
1131,0
1133,1
1134,1
1135,0
1140,1
1141,1
1142,1
1145,1
1147,1
1148,1
1152,1
1156,1
1158,1
1161,1
1168,0
1170,0
1173,1
1175,1
1177,0
1178,0
1180,1
1181,1
1183,1
1187,1
1189,0
1190,0
1191,1
1192,1
1194,1
1196,1
1199,0
1200,1
1201,1
1204,1
1205,0
1207,0
1209,0
1213,0
1214,1
1215,0
1217,0
1218,0
1222,1
1223,0
1228,1
1229,1
1234,1
1235,0
1237,1
1241,0
1243,1
1244,1
1247,1
1250,0
1251,0
1253,1
1254,1
1256,1
1260,0
1266,1
1269,0
1270,1
1271,1
1273,0
1274,1
1275,1
1276,1
1278,0
1279,0
1282,0
1283,1
1284,1
1286,1
1287,1
1289,1
1290,1
1291,0
1292,1
1293,1
1294,1
1296,1
1298,1
1299,1
1300,0
1304,1
1312,1
1314,0
1317,1
1318,0
1319,1
1322,1
1323,1
1327,1
1331,1
1332,1
1333,1
1334,1
1335,1
1339,0
1344,1
1346,1
1351,1
1357,1
1358,1
1363,1
1365,0
1367,1
1368,1
1370,0
1373,1
1375,1
1381,1
1382,1
1383,1
1384,1
1385,0
1387,1
1388,0
1389,1
1390,1
1391,1
1393,1
1396,1
1398,1
1399,0
1404,1
1406,0
1407,0
1409,1
1410,1
1411,0
1413,0
1416,1
1418,0
1419,1
1423,1
1433,0
1439,1
1440,1
1442,0
1445,1
1449,1
1450,1
1451,0
1452,1
1455,0
1456,1
1457,0
1460,1
1464,0
1466,1
1469,1
1472,1
1474,1
1481,0
1482,0
1483,1
1491,0
1493,1
1496,1
1498,0
1499,1
1501,1
1503,1
1504,1
1505,1
1511,1
1512,1
1513,1
1517,0
1520,0
1524,1
1525,1
1529,0
1531,1
