query_id,label
4,0
6,0
15,0
18,0
30,1
39,1
49,0
50,0
52,1
64,1
67,0
76,1
87,1
93,1
94,0
98,1
99,1
128,0
131,0
134,0
147,0
154,0
160,1
177,1
185,0
187,0
199,1
213,0
227,1
228,1
233,1
238,1
239,0
255,1
267,0
272,1
274,1
283,0
286,0
290,0
295,1
324,0
336,1
353,1
362,1
368,1
377,1
395,1
396,1
397,1
403,0
419,1
421,1
424,0
431,0
435,0
437,0
457,1
469,1
476,1
484,0
508,1
509,1
510,1
514,1
528,1
529,0
540,1
544,1
548,1
555,1
561,1
562,1
584,0
586,0
592,1
603,0
604,1
614,1
626,1
633,0
642,0
643,1
648,1
654,1
657,1
659,1
673,0
679,0
696,0
703,1
707,1
719,1
721,1
724,1
728,0
730,1
732,1
739,1
740,1
743,0
744,0
745,0
753,1
754,1
758,0
760,1
766,0
782,1
786,1
787,1
846,1
858,1
866,0
877,0
879,0
881,1
882,1
884,1
889,0
896,0
899,1
904,1
906,0
931,1
933,1
934,1
937,0
938,1
942,1
1013,1
1018,1
1024,1
1030,1
1032,0
1033,1
1040,1
1041,0
1042,1
1046,1
1052,1
1057,1
1058,0
1064,0
1067,1
1071,1
1073,1
1074,1
1077,1
1079,1
1149,0
1157,1
1172,1
1180,1
1183,1
1199,1
1203,0
1208,1
1213,0
1222,1
1224,1
1226,1
1242,0
1251,0
1259,0
1261,0
1269,0
1279,0
1310,1
1314,1
1316,1
1320,1
1343,1
1358,1
1361,1
1374,1
1384,1
1385,0
1388,0
1392,1
1397,1
1411,0
1412,0
1423,1
1430,1
1431,1
1439,1
1446,1
1448,1
1449,1
1450,1
1464,1
1483,1
1484,1
1485,1
1499,1
1500,0
1501,1
1511,0
1512,1
