query_id,db_id,difficulty,label,error_type,correction
4,california_schools,moderate,0,Data Inconsistency,
6,california_schools,simple,1,,
15,california_schools,simple,0,Query Ambiguity,
18,california_schools,simple,1,,
30,california_schools,simple,1,,
39,california_schools,simple,1,,
49,california_schools,moderate,0,Query Ambiguity,
50,california_schools,simple,1,,
52,california_schools,simple,1,,
64,california_schools,simple,1,,
67,california_schools,simple,0,Query Ambiguity,
76,california_schools,moderate,1,,
87,california_schools,challenging,1,,
93,financial,moderate,1,,
94,financial,challenging,0,Incorrect SQL,"SELECT T1.account_id , ( SELECT MAX(A11) - MIN(A11) FROM district ) FROM account AS T1 INNER JOIN district AS T2 ON T1.district_id = T2.district_id INNER JOIN disp AS T3 ON T1.account_id = T3.account_id INNER JOIN client AS T4 ON T3.client_id = T4.client_id WHERE T2.district_id = ( SELECT district_id FROM client WHERE gender = 'F' ORDER BY birth_date ASC LIMIT 1 ) ORDER BY T2.A11 DESC;"
98,financial,moderate,1,,
99,financial,moderate,1,,
128,financial,moderate,0,Query Ambiguity,
131,financial,moderate,0,Query Ambiguity,
134,financial,simple,1,,
147,financial,simple,1,,
154,financial,simple,1,,
160,financial,simple,1,,
177,financial,simple,1,,
185,financial,moderate,0,Incorrect SQL,"SELECT CAST(SUM(CASE WHEN c.gender = 'F' THEN 1 ELSE 0 END) AS REAL) * 100 / COUNT(*) AS percentage_female\nFROM client c\nJOIN disp d ON c.client_id = d.client_id\nJOIN account a ON d.account_id = a.account_id\nJOIN district dist ON a.district_id = dist.district_id\nWHERE dist.A3 = 'Prague';"
187,financial,simple,1,,
199,toxicology,simple,1,,
213,toxicology,moderate,0,Incorrect Assumption,
227,toxicology,simple,1,,
228,toxicology,moderate,1,,
233,toxicology,simple,1,,
238,toxicology,simple,1,,
239,toxicology,simple,0,Incorrect SQL,SELECT COUNT(DISTINCT bond_id) FROM connected WHERE atom_id LIKE 'TR%_19' OR atom_id2 LIKE 'TR%_19';
255,toxicology,moderate,1,,
267,toxicology,moderate,0,Data Inconsistency,
272,toxicology,moderate,1,,
274,toxicology,simple,1,,
283,toxicology,moderate,0,Query Ambiguity,
286,toxicology,simple,0,Incorrect SQL,SELECT CAST(COUNT(DISTINCT CASE WHEN bond_type = '#' THEN molecule_id ELSE NULL END) AS REAL) * 100 / COUNT(DISTINCT molecule_id) FROM bond
290,toxicology,challenging,0,Incorrect Assumption,
295,toxicology,simple,1,,
324,toxicology,simple,0,Incorrect SQL,SELECT AVG(CASE WHEN EXISTS ( SELECT 1 FROM connected c JOIN bond b ON b.bond_id = c.bond_id WHERE b.bond_type = '-' AND (c.atom_id = a.atom_id OR c.atom_id2 = a.atom_id) ) THEN 1.0 ELSE 0.0 END) AS percentage FROM atom a;
336,toxicology,simple,1,,
353,card_games,simple,1,,
362,card_games,simple,1,,
368,card_games,simple,1,,
377,card_games,simple,1,,
395,card_games,simple,1,,
396,card_games,simple,1,,
397,card_games,moderate,1,,
403,card_games,simple,0,Query Ambiguity,
419,card_games,simple,1,,
421,card_games,simple,1,,
424,card_games,simple,0,Query Ambiguity,
431,card_games,challenging,0,Incorrect SQL,SELECT T1.id FROM sets AS T1 INNER JOIN set_translations AS T2 ON T1.code = T2.setCode WHERE T2.language = 'Japanese' AND T1.isFoilOnly = 1 AND T1.isForeignOnly = 0;
435,card_games,simple,1,,
437,card_games,simple,0,Query Ambiguity,
457,card_games,simple,1,,
469,card_games,moderate,1,,
476,card_games,simple,0,Incorrect SQL,"SELECT T1.name 
FROM cards AS T1 
INNER JOIN sets AS T2 ON T2.code = T1.setCode 
WHERE T2.name = 'Coldsnap' 
AND T1.convertedManaCost = (
    SELECT MAX(convertedManaCost) 
    FROM cards T3 
    INNER JOIN sets T4 ON T4.code = T3.setCode 
    WHERE T4.name = 'Coldsnap'
)
ORDER BY T1.name ASC;"
484,card_games,moderate,0,Incorrect SQL,SELECT T2.name FROM foreign_data AS T1 INNER JOIN cards AS T2 ON T2.uuid = T1.uuid INNER JOIN sets AS T3 ON T3.code = T2.setCode WHERE T3.name = 'Coldsnap' AND T1.language = 'Italian' ORDER BY T2.convertedManaCost DESC
508,card_games,moderate,1,,
509,card_games,simple,1,,
510,card_games,simple,1,,
514,card_games,simple,0,Incorrect SQL,SELECT name FROM cards JOIN legalities ON cards.uuid = legalities.uuid WHERE legalities.format = 'duel' ORDER BY convertedManaCost DESC LIMIT 10;
528,card_games,challenging,1,,
529,card_games,moderate,0,Incorrect SQL,SELECT setCode FROM set_translations WHERE language = 'Japanese';
540,codebase_community,simple,0,Data Inconsistency,
544,codebase_community,moderate,1,,
548,codebase_community,simple,1,,
555,codebase_community,simple,0,Data Inconsistency,
561,codebase_community,simple,1,,
562,codebase_community,simple,1,,
584,codebase_community,moderate,0,Incorrect SQL,"SELECT c.Text
FROM comments c
JOIN posts p ON p.Id = c.PostId
WHERE p.Title = 'Why square the difference instead of taking the absolute value in standard deviation?'
  AND EXISTS (
    SELECT 1
    FROM postHistory ph
    WHERE ph.PostId = p.Id
      AND ph.UserId = c.UserId
  )
ORDER BY c.CreationDate;"
586,codebase_community,challenging,0,Incorrect SQL,SELECT T3.DisplayName FROM posts AS T1 INNER JOIN votes AS T2 ON T1.Id = T2.PostId INNER JOIN users AS T3 ON T3.Id = T2.UserId WHERE T2.BountyAmount = 50 AND T1.Title LIKE '%variance%';
592,codebase_community,simple,1,,
603,codebase_community,simple,0,Incorrect SQL,"SELECT SUM(FavoriteCount) \nFROM posts \nWHERE OwnerUserId = 686 AND strftime('%Y', CreaionDate) = '2011';"
604,codebase_community,moderate,1,,
614,codebase_community,simple,1,,
626,codebase_community,simple,1,,
633,codebase_community,moderate,0,Data Inconsistency,
642,codebase_community,simple,0,Data Inconsistency,
643,codebase_community,simple,1,,
648,codebase_community,simple,1,,
654,codebase_community,moderate,1,,
657,codebase_community,moderate,1,,
659,codebase_community,simple,1,,
673,codebase_community,simple,0,Incorrect Evidence,
679,codebase_community,simple,0,Incorrect SQL,"SELECT Id, Title FROM posts ORDER BY Score DESC LIMIT 1;"
696,codebase_community,simple,0,Incorrect SQL,SELECT Count FROM tags WHERE TagName = 'careers';
703,codebase_community,simple,1,,
707,codebase_community,moderate,1,,
719,superhero,moderate,1,,
721,superhero,simple,1,,
724,superhero,challenging,1,,
728,superhero,moderate,0,Incorrect SQL,"SELECT colour.colour AS EyeColor, COUNT(superhero.id) AS Count, RANK() OVER (ORDER BY COUNT(superhero.id) DESC) AS PopularityRank FROM superhero INNER JOIN colour ON superhero.eye_colour_id = colour.id INNER JOIN publisher ON superhero.publisher_id = publisher.id WHERE publisher.publisher_name = 'Marvel Comics' GROUP BY colour.colour ORDER BY PopularityRank ASC;"
730,superhero,challenging,1,,
732,superhero,moderate,1,,
739,superhero,moderate,1,,
740,superhero,moderate,1,,
743,superhero,challenging,0,Query Ambiguity,
744,superhero,challenging,0,Incorrect SQL,"SELECT T2.publisher_name, ABS((SELECT COUNT(S1.id) FROM superhero AS S1 INNER JOIN publisher AS P1 ON S1.publisher_id = P1.id WHERE P1.publisher_name = 'Marvel Comics') - (SELECT COUNT(S2.id) FROM superhero AS S2 INNER JOIN publisher AS P2 ON S2.publisher_id = P2.id WHERE P2.publisher_name = 'DC Comics')) AS Difference FROM superhero AS T1 INNER JOIN publisher AS T2 ON T1.publisher_id = T2.id WHERE T2.publisher_name IN ('Marvel Comics', 'DC Comics') GROUP BY T2.publisher_name ORDER BY COUNT(T1.id) DESC LIMIT 1;"
745,superhero,simple,1,,
753,superhero,moderate,1,,
754,superhero,simple,1,,
758,superhero,moderate,0,Incorrect Assumption,
760,superhero,challenging,1,,
766,superhero,moderate,0,Incorrect Assumption,
782,superhero,moderate,1,,
786,superhero,moderate,1,,
787,superhero,simple,1,,
846,formula_1,moderate,1,,
858,formula_1,simple,1,,
866,formula_1,moderate,0,Incorrect Assumption,
877,formula_1,moderate,1,,
879,formula_1,moderate,0,Incorrect SQL,SELECT T1.nationality FROM drivers AS T1 JOIN results AS T2 ON T2.driverId = T1.driverId WHERE T2.fastestLapSpeed IS NOT NULL AND T2.fastestLapSpeed != '' ORDER BY CAST(T2.fastestLapSpeed AS REAL) DESC LIMIT 1;
881,formula_1,moderate,1,,
882,formula_1,simple,1,,
884,formula_1,moderate,1,,
889,formula_1,simple,0,Incorrect SQL,SELECT MAX(year) FROM races r JOIN circuits c ON r.circuitId = c.circuitId WHERE c.name = 'Brands Hatch' AND r.name = 'British Grand Prix';
896,formula_1,challenging,0,Data Inconsistency,
899,formula_1,moderate,1,,
904,formula_1,moderate,0,Incorrect Evidence,
906,formula_1,moderate,0,Incorrect Evidence,
931,formula_1,moderate,1,,
933,formula_1,moderate,1,,
934,formula_1,moderate,1,,
937,formula_1,simple,0,Incorrect SQL,"SELECT r.time
FROM results r
JOIN races ra ON r.raceId = ra.raceId
WHERE ra.name = 'Chinese Grand Prix'
  AND ra.year = 2008
  AND r.position = 2;"
938,formula_1,moderate,1,,
942,formula_1,moderate,1,,
1013,formula_1,simple,1,,
1018,formula_1,simple,1,,
1024,european_football_2,simple,0,Incorrect SQL,SELECT player_api_id FROM Player_Attributes GROUP BY player_api_id ORDER BY MAX(crossing) DESC LIMIT 5
1030,european_football_2,moderate,1,,
1032,european_football_2,moderate,0,Incorrect Assumption,
1033,european_football_2,simple,1,,
1040,european_football_2,moderate,1,,
1041,european_football_2,challenging,0,Incorrect SQL,"SELECT t3.team_long_name FROM Team AS t3 INNER JOIN Team_Attributes AS t4 ON t3.team_api_id = t4.team_api_id WHERE t4.buildUpPlayDribblingClass = 'Normal' AND SUBSTR(t4.date, 1, 4) = '2014' AND t4.chanceCreationPassing < (SELECT CAST(SUM(t2.chanceCreationPassing) AS REAL) / COUNT(t1.id) FROM Team AS t1 INNER JOIN Team_Attributes AS t2 ON t1.team_api_id = t2.team_api_id WHERE t2.buildUpPlayDribblingClass = 'Normal' AND SUBSTR(t2.`date`, 1, 4) = '2014') ORDER BY t4.chanceCreationPassing DESC"
1042,european_football_2,challenging,1,,
1046,european_football_2,moderate,1,,
1052,european_football_2,moderate,1,,
1057,european_football_2,moderate,1,,
1058,european_football_2,challenging,0,Query Ambiguity,
1064,european_football_2,simple,0,Query Ambiguity,
1067,european_football_2,moderate,1,,
1071,european_football_2,challenging,1,,
1073,european_football_2,moderate,1,,
1074,european_football_2,simple,1,,
1077,european_football_2,simple,1,,
1079,european_football_2,simple,1,,
1149,thrombosis_prediction,moderate,0,Query Ambiguity,
1157,thrombosis_prediction,simple,1,,
1172,thrombosis_prediction,simple,1,,
1180,thrombosis_prediction,moderate,1,,
1183,thrombosis_prediction,challenging,1,,
1199,thrombosis_prediction,simple,0,Incorrect SQL,"SELECT COUNT(DISTINCT ID) AS abnormal_protein_patient_count
FROM Laboratory
WHERE 
  (TP <= 6.0 OR TP >= 8.5) 
  AND STRFTIME('%Y', Date) = '1997';"
1203,thrombosis_prediction,simple,0,Incorrect SQL,SELECT COUNT(DISTINCT p.ID) FROM Patient p JOIN Laboratory l ON p.ID = l.ID WHERE p.SEX = 'F' AND l.WBC < 3.5;
1208,thrombosis_prediction,moderate,1,,
1213,thrombosis_prediction,moderate,0,Incorrect Assumption,
1222,thrombosis_prediction,simple,0,Incorrect SQL,SELECT COUNT(DISTINCT T1.ID) FROM Patient AS T1 INNER JOIN Laboratory AS T2 ON T1.ID = T2.ID WHERE T2.CRE >= 1.5 AND T1.SEX = 'M'
1224,thrombosis_prediction,simple,1,,
1226,thrombosis_prediction,simple,1,,
1242,thrombosis_prediction,challenging,0,Incorrect SQL,"SELECT DISTINCT T1.ID FROM Patient AS T1 INNER JOIN Laboratory AS T2 ON T1.ID = T2.ID WHERE T2.PLT BETWEEN 100 AND 400 AND STRFTIME('%Y', CURRENT_TIMESTAMP) - STRFTIME('%Y', T1.Birthday) < 50 AND STRFTIME('%Y', T2.Date) = '1984'"
1251,thrombosis_prediction,simple,0,Incorrect SQL,SELECT COUNT(DISTINCT T1.ID) FROM Patient AS T1 INNER JOIN Laboratory AS T2 ON T1.ID = T2.ID WHERE T2.IGG >= 2000
1259,thrombosis_prediction,moderate,0,Incorrect SQL,SELECT DISTINCT T1.Diagnosis FROM Patient AS T1 INNER JOIN Laboratory AS T2 ON T1.ID = T2.ID WHERE (T2.RA = '-' OR T2.RA = '+-') AND T1.Birthday > '1985-01-01'
1261,thrombosis_prediction,simple,0,Incorrect SQL,"SELECT COUNT(DISTINCT T1.ID) FROM Examination AS T1 INNER JOIN Laboratory AS T2 ON T1.ID = T2.ID WHERE T2.RF IS NOT NULL AND T2.RF != 'NONE' AND CAST(REPLACE(T2.RF, '<', '') AS REAL) < 20 AND T1.Thrombosis = 0;"
1269,thrombosis_prediction,moderate,0,Incorrect SQL,"SELECT T1.ID FROM Patient AS T1 INNER JOIN Laboratory AS T2 ON T1.ID = T2.ID WHERE T2.SC170 IN ('negative','0') AND T2.Date > '1997-01-01'"
1279,thrombosis_prediction,moderate,0,Incorrect SQL,SELECT SUM(CASE WHEN T1.Diagnosis LIKE '%SLE%' THEN 1 ELSE 0 END) * 100.0 / COUNT(T1.ID) FROM Patient AS T1 INNER JOIN Laboratory AS T2 ON T1.ID = T2.ID WHERE T2.`GOT` >= 60
1310,thrombosis_prediction,simple,1,,
1314,student_club,simple,1,,
1316,student_club,moderate,1,,
1320,student_club,simple,1,,
1343,student_club,simple,1,,
1358,student_club,simple,1,,
1361,student_club,simple,1,,
1374,student_club,simple,1,,
1384,student_club,simple,1,,
1385,student_club,simple,1,,
1388,student_club,moderate,1,,
1392,student_club,simple,1,,
1397,student_club,simple,1,,
1411,student_club,simple,0,Incorrect SQL,SELECT DISTINCT e.expense_description FROM expense e JOIN member m ON e.link_to_member = m.member_id WHERE m.first_name = 'Sacha' AND m.last_name = 'Harrison'
1412,student_club,simple,0,Incorrect SQL,"SELECT DISTINCT e.expense_description
FROM expense e
JOIN member m ON m.member_id = e.link_to_member
WHERE m.t_shirt_size = 'X-Large';"
1423,student_club,simple,1,,
1430,student_club,moderate,1,,
1431,student_club,moderate,1,,
1439,student_club,moderate,1,,
1446,student_club,simple,1,,
1448,student_club,challenging,1,,
1449,student_club,moderate,1,,
1450,student_club,simple,0,Incorrect Assumption,
1464,student_club,challenging,1,,
1483,debit_card_specializing,simple,1,,
1484,debit_card_specializing,simple,1,,
1485,debit_card_specializing,simple,1,,
1499,debit_card_specializing,simple,1,,
1500,debit_card_specializing,simple,0,Incorrect SQL,SELECT DISTINCT T3.Description FROM transactions_1k AS T1 INNER JOIN yearmonth AS T2 ON T1.CustomerID = T2.CustomerID INNER JOIN products AS T3 ON T1.ProductID = T3.ProductID WHERE T2.Date = '201309'
1501,debit_card_specializing,moderate,0,Incorrect SQL,"SELECT DISTINCT T2.Country FROM transactions_1k AS T1 INNER JOIN gasstations AS T2 ON T1.GasStationID = T2.GasStationID WHERE SUBSTR(T1.Date, 1, 7) = '2013-06';"
1511,debit_card_specializing,simple,0,Query Ambiguity,
1512,debit_card_specializing,simple,0,Incorrect SQL,SELECT CustomerID FROM transactions_1k WHERE Date = '2012-08-25' GROUP BY CustomerID ORDER BY SUM(Price*Amount) DESC LIMIT 1
